{
    "keep": {
        "days": true,
        "amount": 14
    },
    "auditLog": "logs\\.aa33b27343fd9204871326d18ec7c2baf7b2e9ed-audit.json",
    "files": [
        {
            "date": 1737643502407,
            "name": "logs\\2025-01-23-app.log",
            "hash": "e212bf6ea03d13063b3201b6013a082d77b8c5cb247c86902b0ade2aa36d122d"
        },
        {
            "date": 1737729841003,
            "name": "logs\\2025-01-24-app.log",
            "hash": "bb3a254ef3d1f26241f1cb07e515995b1f2c6262ae6d047e7015fa11a36866ec"
        },
        {
            "date": 1737832461257,
            "name": "logs\\2025-01-25-app.log",
            "hash": "0ed8884398d080f444a836d98b688f5bc4ecb4149cd59f9cfc1e8ba20e662967"
        },
        {
            "date": 1737887598107,
            "name": "logs\\2025-01-26-app.log",
            "hash": "743ba18ede3c833df4d9f117846c08681498c144e9d5653af751a479566ae735"
        },
        {
            "date": 1737988039119,
            "name": "logs\\2025-01-27-app.log",
            "hash": "7a56e66b41dfc875f8e7e7c6110e23cc1a1f9d5659560becb77fa08b6e531e5a"
        },
        {
            "date": 1738163584883,
            "name": "logs\\2025-01-29-app.log",
            "hash": "6e33cf8ba830ffeabc5faf91fe8b26549354f9b0a7429b10c3f96c34ce27cdc2"
        }
    ],
    "hashType": "sha256"
}